{"cameraMode":{"drawMode":2,"name":"Shaded Wireframe","section":"Shading Mode"},"sceneLighting":false,"audioPlay":false,"sceneViewState":{"showFog":true,"showMaterialUpdate":true,"showSkybox":true,"showFlares":true,"showImageEffects":true,"showParticleSystems":true},"in2DMode":false,"pivot":{"x":-0.2948641777038574,"y":0.1917121410369873,"z":0.5522682070732117},"rotation":{"x":0.07367577403783798,"y":0.788169264793396,"z":-0.09623701125383377,"w":0.6034066677093506},"size":3.8655686378479006,"orthographic":false}