{"cameraMode":{"drawMode":2,"name":"Shaded Wireframe","section":"Shading Mode"},"sceneLighting":false,"audioPlay":false,"sceneViewState":{"showFog":true,"showMaterialUpdate":true,"showSkybox":true,"showFlares":true,"showImageEffects":true,"showParticleSystems":true},"in2DMode":false,"pivot":{"x":0.42920708656311037,"y":0.9425594806671143,"z":1.9568768739700318},"rotation":{"x":0.2144780308008194,"y":0.5237219333648682,"z":-0.13820037245750428,"w":0.812782347202301},"size":1.3070642948150635,"orthographic":false}