{"cameraMode":{"drawMode":2,"name":"Shaded Wireframe","section":"Shading Mode"},"sceneLighting":true,"audioPlay":false,"sceneViewState":{"showFog":true,"showMaterialUpdate":false,"showSkybox":true,"showFlares":true,"showImageEffects":true,"showParticleSystems":true},"in2DMode":false,"pivot":{"x":2.464681625366211,"y":-1.3432726860046387,"z":2.1077895164489748},"rotation":{"x":0.3266056776046753,"y":0.38325902819633486,"z":-0.1470266431570053,"w":0.8513662219047546},"size":7.829091548919678,"orthographic":false}