{"cameraMode":{"drawMode":2,"name":"Shaded Wireframe","section":"Shading Mode"},"sceneLighting":true,"audioPlay":false,"sceneViewState":{"showFog":true,"showMaterialUpdate":true,"showSkybox":true,"showFlares":true,"showImageEffects":true,"showParticleSystems":true},"in2DMode":false,"pivot":{"x":0.6355254650115967,"y":1.4021409749984742,"z":1.7276175022125245},"rotation":{"x":0.06902830302715302,"y":0.8368285298347473,"z":-0.10855376720428467,"w":0.5321365594863892},"size":3.4051461219787599,"orthographic":false}