{"cameraMode":{"drawMode":2,"name":"Shaded Wireframe","section":"Shading Mode"},"sceneLighting":false,"audioPlay":false,"sceneViewState":{"showFog":true,"showMaterialUpdate":true,"showSkybox":true,"showFlares":true,"showImageEffects":true,"showParticleSystems":true},"in2DMode":false,"pivot":{"x":0.00020709633827209473,"y":1.7765593528747559,"z":5.97987699508667},"rotation":{"x":0.10617602616548538,"y":0.7211876511573792,"z":-0.11342720687389374,"w":0.6750921010971069},"size":1.6375398635864258,"orthographic":false}