{"cameraMode":{"drawMode":2,"name":"Shaded Wireframe","section":"Shading Mode"},"sceneLighting":true,"audioPlay":false,"sceneViewState":{"showFog":true,"showMaterialUpdate":false,"showSkybox":true,"showFlares":true,"showImageEffects":true,"showParticleSystems":true},"in2DMode":false,"pivot":{"x":-1.3820867538452149,"y":-0.3654956817626953,"z":4.413578033447266},"rotation":{"x":0.27963289618492129,"y":0.5734177231788635,"z":-0.2170223891735077,"w":0.7388496994972229},"size":10.347037315368653,"orthographic":false}