{"cameraMode":{"drawMode":2,"name":"Shaded Wireframe","section":"Shading Mode"},"sceneLighting":false,"audioPlay":false,"sceneViewState":{"showFog":true,"showMaterialUpdate":false,"showSkybox":true,"showFlares":true,"showImageEffects":true,"showParticleSystems":true},"in2DMode":false,"pivot":{"x":-0.160888671875,"y":1.2808837890625,"z":-0.19677734375},"rotation":{"x":0.12476304918527603,"y":0.7615331411361694,"z":-0.15397696197032929,"w":0.6170839667320252},"size":2.333296775817871,"orthographic":true}