{"cameraMode":{"drawMode":2,"name":"Shaded Wireframe","section":"Shading Mode"},"sceneLighting":true,"audioPlay":false,"sceneViewState":{"showFog":true,"showMaterialUpdate":false,"showSkybox":true,"showFlares":true,"showImageEffects":true,"showParticleSystems":true},"in2DMode":false,"pivot":{"x":1.438786506652832,"y":-3.5822629928588869,"z":11.626258850097657},"rotation":{"x":0.19196799397468568,"y":-0.07940178364515305,"z":0.015585595741868019,"w":0.9780596494674683},"size":86.76243591308594,"orthographic":false}