{"cameraMode":{"drawMode":2,"name":"Shaded Wireframe","section":"Shading Mode"},"sceneLighting":true,"audioPlay":false,"sceneViewState":{"showFog":true,"showMaterialUpdate":true,"showSkybox":true,"showFlares":true,"showImageEffects":true,"showParticleSystems":true},"in2DMode":false,"pivot":{"x":-7.651172637939453,"y":0.9905358552932739,"z":5.905004024505615},"rotation":{"x":-0.023921867832541467,"y":0.3459772765636444,"z":0.008824038319289685,"w":0.9378964304924011},"size":2.2980146408081056,"orthographic":false}