{"cameraMode":{"drawMode":2,"name":"Shaded Wireframe","section":"Shading Mode"},"sceneLighting":true,"audioPlay":false,"sceneViewState":{"showFog":true,"showMaterialUpdate":true,"showSkybox":true,"showFlares":true,"showImageEffects":true,"showParticleSystems":true},"in2DMode":false,"pivot":{"x":-4.989566326141357,"y":4.76837158203125e-7,"z":-1.8866710662841797},"rotation":{"x":0.3428439795970917,"y":0.2150936722755432,"z":-0.08096231520175934,"w":0.9108445644378662},"size":5.952652454376221,"orthographic":false}