{"cameraMode":{"drawMode":2,"name":"Shaded Wireframe","section":"Shading Mode"},"sceneLighting":false,"audioPlay":false,"sceneViewState":{"showFog":true,"showMaterialUpdate":true,"showSkybox":true,"showFlares":true,"showImageEffects":true,"showParticleSystems":true},"in2DMode":false,"pivot":{"x":0.25784051418304446,"y":0.1399012804031372,"z":0.3402304947376251},"rotation":{"x":-0.18228833377361298,"y":0.5691204071044922,"z":-0.1311551332473755,"w":-0.790993869304657},"size":9.970135688781739,"orthographic":false}