{"cameraMode":{"drawMode":2,"name":"Shaded Wireframe","section":"Shading Mode"},"sceneLighting":false,"audioPlay":false,"sceneViewState":{"showFog":true,"showMaterialUpdate":true,"showSkybox":true,"showFlares":true,"showImageEffects":true,"showParticleSystems":true},"in2DMode":false,"pivot":{"x":0.00020709633827209473,"y":1.7765593528747559,"z":5.97987699508667},"rotation":{"x":0.10109689831733704,"y":0.8228974342346191,"z":-0.15484890341758729,"w":0.537253201007843},"size":1.6375398635864258,"orthographic":false}