{"cameraMode":{"drawMode":2,"name":"Shaded Wireframe","section":"Shading Mode"},"sceneLighting":false,"audioPlay":false,"sceneViewState":{"showFog":true,"showMaterialUpdate":true,"showSkybox":true,"showFlares":true,"showImageEffects":true,"showParticleSystems":true},"in2DMode":false,"pivot":{"x":0.00020711123943328857,"y":1.8119471073150635,"z":6.098347187042236},"rotation":{"x":0.0563117153942585,"y":0.8699605464935303,"z":-0.10225240141153336,"w":0.47910547256469729},"size":1.2144771814346314,"orthographic":false}