{"cameraMode":{"drawMode":2,"name":"Shaded Wireframe","section":"Shading Mode"},"sceneLighting":true,"audioPlay":false,"sceneViewState":{"showFog":true,"showMaterialUpdate":false,"showSkybox":true,"showFlares":true,"showImageEffects":true,"showParticleSystems":true},"in2DMode":false,"pivot":{"x":2.397477626800537,"y":4.76837158203125e-7,"z":5.551950931549072},"rotation":{"x":0.3266056776046753,"y":0.38325902819633486,"z":-0.1470266431570053,"w":0.8513662219047546},"size":12.939826965332032,"orthographic":false}