{"cameraMode":{"drawMode":2,"name":"Shaded Wireframe","section":"Shading Mode"},"sceneLighting":true,"audioPlay":false,"sceneViewState":{"showFog":true,"showMaterialUpdate":false,"showSkybox":true,"showFlares":true,"showImageEffects":true,"showParticleSystems":true},"in2DMode":false,"pivot":{"x":0.5053014755249023,"y":0.03452777862548828,"z":6.189876079559326},"rotation":{"x":0.3266056776046753,"y":0.38325902819633486,"z":-0.1470266431570053,"w":0.8513662219047546},"size":8.54956340789795,"orthographic":false}