{"cameraMode":{"drawMode":2,"name":"Shaded Wireframe","section":"Shading Mode"},"sceneLighting":true,"audioPlay":false,"sceneViewState":{"showFog":true,"showMaterialUpdate":true,"showSkybox":true,"showFlares":true,"showImageEffects":true,"showParticleSystems":true},"in2DMode":false,"pivot":{"x":-0.1097254753112793,"y":2.085836410522461,"z":5.5527424812316898},"rotation":{"x":0.06902830302715302,"y":0.8368285298347473,"z":-0.10855376720428467,"w":0.5321365594863892},"size":3.737539529800415,"orthographic":false}