{"cameraMode":{"drawMode":2,"name":"Shaded Wireframe","section":"Shading Mode"},"sceneLighting":false,"audioPlay":false,"sceneViewState":{"showFog":true,"showMaterialUpdate":true,"showSkybox":true,"showFlares":true,"showImageEffects":true,"showParticleSystems":true},"in2DMode":false,"pivot":{"x":0.3436117172241211,"y":1.0912314653396607,"z":2.0597424507141115},"rotation":{"x":0.013375448994338513,"y":0.8682973980903626,"z":-0.02344999834895134,"w":0.49530893564224245},"size":1.1655690670013428,"orthographic":false}