{"cameraMode":{"drawMode":2,"name":"Shaded Wireframe","section":"Shading Mode"},"sceneLighting":false,"audioPlay":false,"sceneViewState":{"showFog":true,"showMaterialUpdate":false,"showSkybox":true,"showFlares":true,"showImageEffects":true,"showParticleSystems":true},"in2DMode":false,"pivot":{"x":-0.160888671875,"y":1.2808837890625,"z":-0.19677734375},"rotation":{"x":0.17395833134651185,"y":-0.2509840130805969,"z":0.045903947204351428,"w":0.9511248469352722},"size":2.6626791954040529,"orthographic":true}