{"cameraMode":{"drawMode":2,"name":"Shaded Wireframe","section":"Shading Mode"},"sceneLighting":true,"audioPlay":false,"sceneViewState":{"showFog":true,"showMaterialUpdate":false,"showSkybox":true,"showFlares":true,"showImageEffects":true,"showParticleSystems":true},"in2DMode":false,"pivot":{"x":2.71443247795105,"y":0.5767960548400879,"z":3.480006456375122},"rotation":{"x":0.3266056776046753,"y":0.38325902819633486,"z":-0.1470266431570053,"w":0.8513662219047546},"size":0.7578811049461365,"orthographic":false}