{"cameraMode":{"drawMode":2,"name":"Shaded Wireframe","section":"Shading Mode"},"sceneLighting":false,"audioPlay":false,"sceneViewState":{"showFog":true,"showMaterialUpdate":true,"showSkybox":true,"showFlares":true,"showImageEffects":true,"showParticleSystems":true},"in2DMode":false,"pivot":{"x":-1.782754898071289,"y":1.022009015083313,"z":2.0592048168182375},"rotation":{"x":0.09114322811365128,"y":0.8108646869659424,"z":-0.13127300143241883,"w":0.5629909634590149},"size":2.976609706878662,"orthographic":false}