{"cameraMode":{"drawMode":2,"name":"Shaded Wireframe","section":"Shading Mode"},"sceneLighting":false,"audioPlay":false,"sceneViewState":{"showFog":true,"showMaterialUpdate":true,"showSkybox":true,"showFlares":true,"showImageEffects":true,"showParticleSystems":true},"in2DMode":false,"pivot":{"x":-0.7570146322250366,"y":1.343999981880188,"z":-4.688929557800293},"rotation":{"x":0.1365668624639511,"y":0.7056583166122437,"z":-0.14157570898532868,"w":0.6806997656822205},"size":6.8741912841796879,"orthographic":false}