{"cameraMode":{"drawMode":2,"name":"Shaded Wireframe","section":"Shading Mode"},"sceneLighting":false,"audioPlay":false,"sceneViewState":{"showFog":true,"showMaterialUpdate":true,"showSkybox":true,"showFlares":true,"showImageEffects":true,"showParticleSystems":true},"in2DMode":false,"pivot":{"x":0.00020711123943328857,"y":0.08194716274738312,"z":0.3083473742008209},"rotation":{"x":0.3428439795970917,"y":0.2150936722755432,"z":-0.08096231520175934,"w":0.9108445644378662},"size":1.2144771814346314,"orthographic":false}