{"cameraMode":{"drawMode":2,"name":"Shaded Wireframe","section":"Shading Mode"},"sceneLighting":false,"audioPlay":false,"sceneViewState":{"showFog":true,"showMaterialUpdate":true,"showSkybox":true,"showFlares":true,"showImageEffects":true,"showParticleSystems":true},"in2DMode":false,"pivot":{"x":0.00020711123943328857,"y":0.08194716274738312,"z":0.3083473742008209},"rotation":{"x":0.07459766417741776,"y":0.7083548903465271,"z":-0.07572661340236664,"w":0.6978066563606262},"size":1.2144771814346314,"orthographic":false}