{"cameraMode":{"drawMode":2,"name":"Shaded Wireframe","section":"Shading Mode"},"sceneLighting":true,"audioPlay":false,"sceneViewState":{"showFog":true,"showMaterialUpdate":true,"showSkybox":true,"showFlares":true,"showImageEffects":true,"showParticleSystems":true},"in2DMode":false,"pivot":{"x":-1.179516077041626,"y":0.8987951278686523,"z":2.5351204872131349},"rotation":{"x":0.19312164187431336,"y":0.2958405911922455,"z":-0.061203259974718097,"w":0.9335076808929443},"size":12.000728607177735,"orthographic":false}