{"cameraMode":{"drawMode":2,"name":"Shaded Wireframe","section":"Shading Mode"},"sceneLighting":true,"audioPlay":false,"sceneViewState":{"showFog":true,"showMaterialUpdate":false,"showSkybox":true,"showFlares":true,"showImageEffects":true,"showParticleSystems":true},"in2DMode":false,"pivot":{"x":-0.9856384992599487,"y":1.8028371334075928,"z":3.9532675743103029},"rotation":{"x":0.3266056776046753,"y":0.38325902819633486,"z":-0.1470266431570053,"w":0.8513662219047546},"size":1.9416587352752686,"orthographic":false}