{"cameraMode":{"drawMode":2,"name":"Shaded Wireframe","section":"Shading Mode"},"sceneLighting":true,"audioPlay":false,"sceneViewState":{"showFog":true,"showMaterialUpdate":true,"showSkybox":true,"showFlares":true,"showImageEffects":true,"showParticleSystems":true},"in2DMode":false,"pivot":{"x":-2.7190990447998049,"y":-1.9124641418457032,"z":3.2492847442626955},"rotation":{"x":0.3428439795970917,"y":0.2150936722755432,"z":-0.08096231520175934,"w":0.9108445644378662},"size":10.830643653869629,"orthographic":false}